M,K,N,who,real_gflops
256,256,256,theirs_fused,224.191
256,256,256,ours_online,888.087
1024,1024,1024,theirs_fused,4581.841
1024,1024,1024,ours_online,4118.208
2048,2048,2048,theirs_fused,6219.275
2048,2048,2048,ours_online,8262.549
3072,3072,3072,theirs_fused,7127.834
3072,3072,3072,ours_online,10045.072
4096,4096,4096,theirs_fused,7542.700
4096,4096,4096,ours_online,9330.278
5120,5120,5120,theirs_fused,7788.974
5120,5120,5120,ours_online,9294.114
6144,6144,6144,theirs_fused,7833.025
6144,6144,6144,ours_online,9983.158
7168,7168,7168,theirs_fused,7807.101
7168,7168,7168,ours_online,9998.954
8192,8192,8192,theirs_fused,8061.647
8192,8192,8192,ours_online,10320.528
9216,9216,9216,theirs_fused,8039.703
