fase,M,K,N,inicio,fin
base,5120,5120,5120,1790870161.919364350,1790870165.052003309
prot,5120,5120,5120,1790870168.061369477,1790870171.887264944
base,5120,5120,5120,1790870174.900283971,1790870177.951932044
prot,5120,5120,5120,1790870180.960862792,1790870184.763763845
base,10240,10240,10240,1790870187.772102875,1790870199.123650374
prot,10240,10240,10240,1790870202.133021216,1790870218.437615340
base,10240,10240,10240,1790870221.446264920,1790870232.846948536
prot,10240,10240,10240,1790870235.856250562,1790870252.277124161
base,10240,1024,10240,1790870255.286148572,1790870257.232049427
prot,10240,1024,10240,1790870260.241234985,1790870262.768368441
base,10240,1024,10240,1790870265.777136306,1790870267.724033971
prot,10240,1024,10240,1790870270.736341292,1790870273.283785341
