regime,M,K,N,who,gflops,time_ms
small_sq,64,64,64,ours_baseline,26.674807,0.019655
small_sq,64,64,64,ours_online,15.894355,0.032986
small_sq,64,64,64,ours_online_inj,6.419921,0.081666
small_sq,64,64,64,theirs_cublas,28.000000,0.018724571428571427
small_sq,64,64,64,theirs_fused,30.000000,0.017476266666666667
small_sq,64,64,64,theirs_fused_inj,33.000000,0.01588751515151515
small_sq,80,80,80,ours_baseline,63.192713,0.016204
small_sq,80,80,80,ours_online,39.875079,0.025680
small_sq,80,80,80,ours_online_inj,16.732464,0.061198
small_sq,80,80,80,theirs_cublas,57.000000,0.017964912280701757
small_sq,80,80,80,theirs_fused,66.000000,0.015515151515151517
small_sq,80,80,80,theirs_fused_inj,66.000000,0.015515151515151517
small_sq,96,96,96,ours_baseline,123.213704,0.014361
small_sq,96,96,96,ours_online,79.334290,0.022304
small_sq,96,96,96,ours_online_inj,27.408348,0.064560
small_sq,96,96,96,theirs_cublas,112.000000,0.015798857142857142
small_sq,96,96,96,theirs_fused,108.000000,0.016384000000000003
small_sq,96,96,96,theirs_fused_inj,107.000000,0.0165371214953271
small_sq,112,112,112,ours_baseline,190.356751,0.014761
small_sq,112,112,112,ours_online,120.288021,0.023359
small_sq,112,112,112,ours_online_inj,44.741078,0.062803
small_sq,112,112,112,theirs_cublas,169.000000,0.016626366863905326
small_sq,112,112,112,theirs_fused,188.000000,0.014946042553191489
small_sq,112,112,112,theirs_fused_inj,181.000000,0.015524066298342541
small_sq,160,160,160,ours_baseline,522.802405,0.015669
small_sq,160,160,160,ours_online,309.288470,0.026487
small_sq,160,160,160,ours_online_inj,81.298392,0.100765
small_sq,160,160,160,theirs_cublas,455.000000,0.018004395604395606
small_sq,160,160,160,theirs_fused,272.000000,0.03011764705882353
small_sq,160,160,160,theirs_fused_inj,263.000000,0.031148288973384026
small_sq,192,192,192,ours_baseline,767.092740,0.018454
small_sq,192,192,192,ours_online,452.906570,0.031255
small_sq,192,192,192,ours_online_inj,105.952442,0.133605
small_sq,192,192,192,theirs_cublas,698.000000,0.020280481375358168
small_sq,192,192,192,theirs_fused,571.000000,0.02479120140105079
small_sq,192,192,192,theirs_fused_inj,553.000000,0.02559814828209765
small_sq,224,224,224,ours_baseline,1269.073664,0.017713
small_sq,224,224,224,ours_online,710.353362,0.031645
small_sq,224,224,224,ours_online_inj,131.367673,0.171114
small_sq,224,224,224,theirs_cublas,1120.000000,0.0200704
small_sq,224,224,224,theirs_fused,790.000000,0.028454237974683542
small_sq,224,224,224,theirs_fused_inj,784.000000,0.028672
small_sq,256,256,256,ours_baseline,1439.227252,0.023314
small_sq,256,256,256,ours_online,799.913034,0.041948
small_sq,256,256,256,ours_online_inj,127.129496,0.263939
small_sq,256,256,256,theirs_cublas,1260.000000,0.026630501587301587
small_sq,256,256,256,theirs_fused,795.000000,0.042206832704402515
small_sq,256,256,256,theirs_fused_inj,795.000000,0.042206832704402515
small_sq,384,384,384,ours_baseline,3941.713180,0.028730
small_sq,384,384,384,ours_online,2164.897248,0.052310
small_sq,384,384,384,ours_online_inj,309.524625,0.365871
small_sq,384,384,384,theirs_cublas,3272.000000,0.03461069926650366
small_sq,384,384,384,theirs_fused,1076.000000,0.10524740520446098
small_sq,384,384,384,theirs_fused_inj,1218.000000,0.09297718226600984
small_sq,416,416,416,ours_baseline,4879.839488,0.029506
small_sq,416,416,416,ours_online,2693.518909,0.053455
small_sq,416,416,416,ours_online_inj,385.016429,0.373965
small_sq,416,416,416,theirs_cublas,4656.000000,0.030924096219931273
small_sq,416,416,416,theirs_fused,1290.000000,0.11161441240310077
small_sq,416,416,416,theirs_fused_inj,1339.000000,0.10752994174757283
small_sq,448,448,448,ours_baseline,6017.547081,0.029884
small_sq,448,448,448,ours_online,3236.939869,0.055556
small_sq,448,448,448,ours_online_inj,451.500125,0.398296
small_sq,448,448,448,theirs_cublas,5523.000000,0.03256034474017744
small_sq,448,448,448,theirs_fused,1792.000000,0.10035200000000001
small_sq,448,448,448,theirs_fused_inj,1796.000000,0.10012849888641424
small_sq,480,480,480,ours_baseline,5681.056979,0.038934
small_sq,480,480,480,ours_online,3431.252094,0.064462
small_sq,480,480,480,ours_online_inj,543.472599,0.406983
small_sq,480,480,480,theirs_cublas,4821.000000,0.04587927815805849
small_sq,480,480,480,theirs_fused,1602.000000,0.1380674157303371
small_sq,480,480,480,theirs_fused_inj,1605.000000,0.13780934579439252
small_ns,64,256,64,ours_baseline,111.767038,0.018764
small_ns,64,256,64,ours_online,76.427379,0.027440
small_ns,64,256,64,ours_online_inj,24.750822,0.084731
small_ns,64,256,64,theirs_cublas,100.000000,0.02097152
small_ns,64,256,64,theirs_fused,35.000000,0.05991862857142857
small_ns,64,256,64,theirs_fused_inj,35.000000,0.05991862857142857
small_ns,80,256,80,ours_baseline,159.750390,0.020512
small_ns,80,256,80,ours_online,106.040503,0.030901
small_ns,80,256,80,ours_online_inj,32.210817,0.101730
small_ns,80,256,80,theirs_cublas,137.000000,0.023918248175182483
small_ns,80,256,80,theirs_fused,48.000000,0.06826666666666667
small_ns,80,256,80,theirs_fused_inj,48.000000,0.06826666666666667
small_ns,96,256,96,ours_baseline,220.969935,0.021354
small_ns,96,256,96,ours_online,144.022855,0.032763
small_ns,96,256,96,ours_online_inj,40.577194,0.116287
small_ns,96,256,96,theirs_cublas,206.000000,0.022905786407766988
small_ns,96,256,96,theirs_fused,71.000000,0.06645904225352113
small_ns,96,256,96,theirs_fused_inj,75.000000,0.06291456
small_ns,112,256,112,ours_baseline,327.379345,0.019618
small_ns,112,256,112,ours_online,208.180274,0.030851
small_ns,112,256,112,ours_online_inj,64.387924,0.099747
small_ns,112,256,112,theirs_cublas,310.000000,0.020717832258064516
small_ns,112,256,112,theirs_fused,114.000000,0.05633796491228071
small_ns,112,256,112,theirs_fused_inj,112.000000,0.057344
small_ns,160,256,160,ours_baseline,675.754264,0.019396
small_ns,160,256,160,ours_online,408.247680,0.032106
small_ns,160,256,160,ours_online_inj,93.725688,0.139846
small_ns,160,256,160,theirs_cublas,587.000000,0.022329131175468482
small_ns,160,256,160,theirs_fused,207.000000,0.06331980676328502
small_ns,160,256,160,theirs_fused_inj,208.000000,0.06301538461538461
small_ns,192,256,192,ours_baseline,858.995658,0.021973
small_ns,192,256,192,ours_online,503.907732,0.037456
small_ns,192,256,192,ours_online_inj,103.065182,0.183130
small_ns,192,256,192,theirs_cublas,768.000000,0.024576
small_ns,192,256,192,theirs_fused,273.000000,0.06913687912087912
small_ns,192,256,192,theirs_fused_inj,275.000000,0.06863406545454545
small_ns,224,256,224,ours_baseline,1045.835484,0.024564
small_ns,224,256,224,ours_online,606.044662,0.042390
small_ns,224,256,224,ours_online_inj,112.184973,0.228998
small_ns,224,256,224,theirs_cublas,996.000000,0.02579328514056225
small_ns,224,256,224,theirs_fused,371.000000,0.06924558490566038
small_ns,224,256,224,theirs_fused_inj,371.000000,0.06924558490566038
small_ns,256,256,256,ours_baseline,1305.030881,0.025712
small_ns,256,256,256,ours_online,725.228390,0.046267
small_ns,256,256,256,ours_online_inj,125.896569,0.266524
small_ns,256,256,256,theirs_cublas,1146.000000,0.02927960907504363
small_ns,256,256,256,theirs_fused,480.000000,0.06990506666666667
small_ns,256,256,256,theirs_fused_inj,483.000000,0.06947087370600413
small_ns,384,256,384,ours_baseline,3096.392152,0.024382
small_ns,384,256,384,ours_online,1555.878988,0.048524
small_ns,384,256,384,ours_online_inj,227.052964,0.332510
small_ns,384,256,384,theirs_cublas,2772.000000,0.02723574025974026
small_ns,384,256,384,theirs_fused,1097.000000,0.0688217611668186
small_ns,384,256,384,theirs_fused_inj,1163.000000,0.06491614101461737
small_ns,416,256,416,ours_baseline,3768.294915,0.023513
small_ns,416,256,416,ours_online,1846.946487,0.047974
small_ns,416,256,416,ours_online_inj,270.061105,0.328091
small_ns,416,256,416,theirs_cublas,3278.000000,0.027030101281269068
small_ns,416,256,416,theirs_fused,1452.000000,0.06102250137741047
small_ns,416,256,416,theirs_fused_inj,1452.000000,0.06102250137741047
small_ns,448,256,448,ours_baseline,4576.731989,0.022453
small_ns,448,256,448,ours_online,2199.326422,0.046724
small_ns,448,256,448,ours_online_inj,317.802386,0.323347
small_ns,448,256,448,theirs_cublas,3773.000000,0.02723574025974026
small_ns,448,256,448,theirs_fused,1463.000000,0.07023954066985647
small_ns,448,256,448,theirs_fused_inj,1430.000000,0.07186045314685315
small_ns,480,256,480,ours_baseline,3920.294575,0.030091
small_ns,480,256,480,ours_online,2072.787079,0.056911
small_ns,480,256,480,ours_online_inj,321.163066,0.367305
small_ns,480,256,480,theirs_cublas,3578.000000,0.03296948015651202
small_ns,480,256,480,theirs_fused,1789.000000,0.06593896031302404
small_ns,480,256,480,theirs_fused_inj,1704.000000,0.0692281690140845
