scheme,inject,swifi_zone,baseline_only,calibrate,M,K,N,Pr,Pc,frags_per_rank,num_fragments_total,repeats,threshold_used,baseline_min_ms,baseline_median_ms,baseline_mean_ms,baseline_max_ms,baseline_gflops_min,baseline_gflops_median,baseline_gflops_mean,baseline_gflops_max,protected_min_ms,protected_median_ms,protected_mean_ms,protected_max_ms,protected_gflops_min,protected_gflops_median,protected_gflops_mean,protected_gflops_max,overhead_pct,TP,TN,FP,FN,recall,precision,correction_precision_pct,calib_max_diff,calib_safety_factor,calib_suggested_tau
baseline,none,any,1,0,256,256,256,1,2,1,2,1,0.312076,0.022391,0.022762,0.022712,0.023979,1399.325743,1474.142518,1477.410580,1498.567817,0.022391,0.022762,0.022712,0.023979,1399.325743,1474.142518,1477.410580,1498.567817,0.000000,0,40,0,0,0.000000,0.000000,0.000000,0.000000,0.000000,0.000000
online,none,any,0,0,256,256,256,1,2,1,2,1,1.000000,0.027194,0.027739,0.027966,0.030298,1107.480098,1209.648221,1199.818782,1233.891005,0.087083,0.089592,0.090185,0.104029,322.548828,374.524868,372.061403,385.315527,222.982083,0,40,0,0,0.000000,0.000000,0.000000,0.000000,0.000000,0.000000
online,add,any,0,0,256,256,256,1,2,1,2,1,1.000000,0.027498,0.028036,0.028320,0.030382,1104.418142,1196.833785,1184.840006,1220.249909,0.190180,0.192625,0.192759,0.196576,170.694449,174.195624,174.074754,176.435125,587.063062,40,0,0,0,1.000000,1.000000,0.000000,0.000000,0.000000,0.000000
baseline,none,any,1,0,512,512,512,1,2,1,2,1,2.409574,0.056840,0.057697,0.057748,0.061576,4359.416916,4652.502834,4648.430210,4722.650528,0.056840,0.057697,0.057748,0.061576,4359.416916,4652.502834,4648.430210,4722.650528,0.000000,0,40,0,0,0.000000,0.000000,0.000000,0.000000,0.000000,0.000000
online,none,any,0,0,512,512,512,1,2,1,2,1,1.000000,0.060958,0.062399,0.064138,0.078900,3402.223777,4301.919197,4185.256652,4403.613242,0.167801,0.170292,0.172801,0.210447,1275.548979,1576.324525,1553.436487,1599.725008,172.908220,0,40,0,0,0.000000,0.000000,0.000000,0.000000,0.000000,0.000000
online,add,any,0,0,512,512,512,1,2,1,2,1,1.000000,0.061856,0.063247,0.066749,0.097664,2748.560944,4244.240138,4021.556170,4339.683394,0.354157,0.356855,0.357808,0.370513,724.496728,752.225571,750.221329,757.956093,464.224390,40,0,0,0,1.000000,1.000000,0.000000,0.000000,0.000000,0.000000
baseline,none,any,1,0,768,768,768,1,2,1,2,1,7.841694,0.140352,0.144426,0.145316,0.164285,5514.621931,6272.898675,6234.462621,6454.982216,0.140352,0.144426,0.145316,0.164285,5514.621931,6272.898675,6234.462621,6454.982216,0.000000,0,40,0,0,0.000000,0.000000,0.000000,0.000000,0.000000,0.000000
online,none,any,0,0,768,768,768,1,2,1,2,1,1.000000,0.145721,0.151296,0.151583,0.162107,5588.714022,5988.060914,5976.729320,6217.152394,0.289222,0.296851,0.298159,0.327090,2769.787104,3051.934014,3038.546949,3132.436896,96.205452,0,40,0,0,0.000000,0.000000,0.000000,0.000000,0.000000,0.000000
online,add,any,0,0,768,768,768,1,2,1,2,1,1.000000,0.147740,0.155471,0.154179,0.163519,5540.455017,5827.258228,5876.080367,6132.189414,0.570728,0.578572,0.579861,0.594818,1523.103981,1565.871947,1562.390693,1587.393056,272.141428,40,0,0,0,1.000000,1.000000,0.000000,0.000000,0.000000,0.000000
baseline,none,any,1,0,1024,1024,1024,1,2,8,16,1,2.711430,0.366052,0.371815,0.371868,0.377557,5687.839579,5775.677818,5774.850765,5866.608154,0.366052,0.371815,0.371868,0.377557,5687.839579,5775.677818,5774.850765,5866.608154,0.000000,0,320,0,0,0.000000,0.000000,0.000000,0.000000,0.000000,0.000000
online,none,any,0,0,1024,1024,1024,1,2,8,16,1,1.000000,0.375285,0.390488,0.385808,0.396085,5421.774740,5499.486919,5566.192048,5722.274133,1.167910,1.193667,1.193803,1.213229,1770.056311,1799.064268,1798.859994,1838.740697,205.685962,0,320,0,0,0.000000,0.000000,0.000000,0.000000,0.000000,0.000000
online,add,any,0,0,1024,1024,1024,1,2,8,16,1,1.000000,0.377447,0.388720,0.386040,0.426826,5031.285929,5524.500021,5562.848355,5689.497196,1.497672,1.532408,1.530234,1.557491,1378.809668,1401.378515,1403.369176,1433.881149,294.218975,40,280,0,0,1.000000,1.000000,0.000000,0.000000,0.000000,0.000000
baseline,none,any,1,0,1280,1280,1280,1,2,8,16,1,5.132952,0.795213,0.802889,0.802862,0.811300,5169.855787,5224.014777,5224.192736,5274.440936,0.795213,0.802889,0.802862,0.811300,5169.855787,5224.014777,5224.192736,5274.440936,0.000000,0,320,0,0,0.000000,0.000000,0.000000,0.000000,0.000000,0.000000
online,none,any,0,0,1280,1280,1280,1,2,8,16,1,1.000000,0.805600,0.817933,0.817205,0.828493,5062.570233,5127.931016,5132.499189,5206.434955,1.662637,1.680448,1.680231,1.698770,2469.024059,2495.943939,2496.266733,2522.681740,105.450569,0,320,0,0,0.000000,0.000000,0.000000,0.000000,0.000000,0.000000
online,add,any,0,0,1280,1280,1280,1,2,8,16,1,1.000000,0.805332,0.815811,0.815526,0.827568,5068.228834,5141.269240,5143.067209,5208.167563,2.069806,2.111889,2.205677,2.519092,1665.006280,1986.043774,1901.594537,2026.423732,158.869885,40,280,0,0,1.000000,1.000000,0.000000,0.000000,0.000000,0.000000
baseline,none,any,1,0,1536,1536,1536,1,2,8,16,1,8.576608,0.996205,1.005210,1.003219,1.007720,7192.233271,7210.192211,7224.503442,7275.367331,0.996205,1.005210,1.003219,1.007720,7192.233271,7210.192211,7224.503442,7275.367331,0.000000,0,320,0,0,0.000000,0.000000,0.000000,0.000000,0.000000,0.000000
online,none,any,0,0,1536,1536,1536,1,2,8,16,1,1.000000,1.027256,1.039068,1.040066,1.057519,6853.548080,6975.248311,6968.557525,7055.453862,2.365823,2.451484,2.458367,2.517370,2879.098945,2956.477510,2948.200307,3063.524749,135.931046,0,320,0,0,0.000000,0.000000,0.000000,0.000000,0.000000,0.000000
online,add,any,0,0,1536,1536,1536,1,2,8,16,1,1.000000,0.935157,0.952519,0.952716,0.963563,7521.830240,7609.042247,7607.470467,7750.310709,2.600396,2.674215,2.683950,3.034953,2388.095404,2710.237326,2700.406879,2787.174458,180.751880,40,280,0,0,1.000000,1.000000,0.000000,0.000000,0.000000,0.000000
baseline,none,any,1,0,1792,1792,1792,1,2,8,16,1,13.296078,1.832696,1.836215,1.836395,1.841480,6249.956652,6267.877224,6267.261322,6279.912313,1.832696,1.836215,1.836395,1.841480,6249.956652,6267.877224,6267.261322,6279.912313,0.000000,0,320,0,0,0.000000,0.000000,0.000000,0.000000,0.000000,0.000000
online,none,any,0,0,1792,1792,1792,1,2,8,16,1,1.000000,1.829469,1.836381,1.836149,1.843289,6243.822958,6267.310638,6268.101838,6290.989449,2.829566,2.888538,2.883516,2.912941,3951.048159,3984.427477,3991.367266,4067.468359,57.295136,0,320,0,0,0.000000,0.000000,0.000000,0.000000,0.000000,0.000000
online,add,any,0,0,1792,1792,1792,1,2,8,16,1,1.000000,1.710505,1.717482,1.717538,1.728056,6660.183568,6701.188237,6700.967795,6728.521797,3.109417,3.246957,3.219508,3.571803,3222.229831,3544.601969,3574.822279,3701.391668,89.053335,40,280,0,0,1.000000,1.000000,0.000000,0.000000,0.000000,0.000000
baseline,none,any,1,0,2048,2048,2048,1,2,8,16,1,19.703622,2.033520,2.040970,2.041984,2.073283,8286.311702,8417.502062,8413.323782,8448.340407,2.033520,2.040970,2.041984,2.073283,8286.311702,8417.502062,8413.323782,8448.340407,0.000000,0,320,0,0,0.000000,0.000000,0.000000,0.000000,0.000000,0.000000
online,none,any,0,0,2048,2048,2048,1,2,8,16,1,1.000000,2.035271,2.047262,2.046009,2.058542,8345.649097,8391.631938,8396.772713,8441.072066,3.109271,3.147685,3.152572,3.283170,5232.707774,5457.937876,5449.477529,5525.368867,53.750961,0,320,0,0,0.000000,0.000000,0.000000,0.000000,0.000000,0.000000
online,add,any,0,0,2048,2048,2048,1,2,8,16,1,1.000000,2.035251,2.046026,2.046453,2.063998,8323.588097,8396.701305,8394.949712,8441.155014,3.610701,3.723006,3.807693,4.305444,3990.266552,4614.515578,4511.884194,4758.042603,81.962790,40,280,0,0,1.000000,1.000000,0.000000,0.000000,0.000000,0.000000
baseline,none,any,1,0,2304,2304,2304,1,2,8,16,1,28.098820,2.915363,2.927843,2.926810,2.938996,8322.971834,8354.676439,8357.625743,8390.440891,2.915363,2.927843,2.926810,2.938996,8322.971834,8354.676439,8357.625743,8390.440891,0.000000,0,320,0,0,0.000000,0.000000,0.000000,0.000000,0.000000,0.000000
online,none,any,0,0,2304,2304,2304,1,2,8,16,1,1.000000,2.986643,3.006967,3.005537,3.031961,8067.775584,8134.835177,8138.706992,8190.192443,4.908103,5.024983,4.992519,5.045587,4848.034714,4867.913171,4899.567261,4983.836103,67.111345,0,320,0,0,0.000000,0.000000,0.000000,0.000000,0.000000,0.000000
online,add,any,0,0,2304,2304,2304,1,2,8,16,1,1.000000,2.976485,3.000347,3.001420,3.041904,8041.404636,8152.783971,8149.869643,8218.143524,5.470454,5.587448,5.568402,5.613144,4357.839551,4377.880730,4392.854627,4471.508384,86.226726,40,280,0,0,1.000000,1.000000,0.000000,0.000000,0.000000,0.000000
baseline,none,any,1,0,2560,2560,2560,1,2,8,16,1,38.852172,3.787291,3.791392,3.791469,3.796333,8838.642975,8850.161629,8849.981894,8859.744868,3.787291,3.791392,3.791469,3.796333,8838.642975,8850.161629,8849.981894,8859.744868,0.000000,0,320,0,0,0.000000,0.000000,0.000000,0.000000,0.000000,0.000000
online,none,any,0,0,2560,2560,2560,1,2,8,16,1,1.000000,3.798988,3.812821,3.811612,3.822402,8778.362925,8800.421525,8803.212457,8832.465909,4.954664,5.197922,5.176599,5.697862,5888.951329,6455.355044,6481.945698,6772.292127,36.327459,0,320,0,0,0.000000,0.000000,0.000000,0.000000,0.000000,0.000000
online,add,any,0,0,2560,2560,2560,1,2,8,16,1,1.000000,3.802071,3.831739,3.831237,4.314360,7777.383436,8756.972226,8758.120208,8825.303894,5.733347,6.423010,6.213437,7.146257,4695.385570,5224.097736,5400.301532,5852.503259,67.626501,40,280,0,0,1.000000,1.000000,0.000000,0.000000,0.000000,0.000000
baseline,none,any,1,0,2816,2816,2816,1,2,8,16,1,49.091176,6.173115,6.294607,6.291647,6.391005,6988.094829,7095.113165,7098.451111,7234.750850,6.173115,6.294607,6.291647,6.391005,6988.094829,7095.113165,7098.451111,7234.750850,0.000000,0,320,0,0,0.000000,0.000000,0.000000,0.000000,0.000000,0.000000
online,none,any,0,0,2816,2816,2816,1,2,8,16,1,1.000000,6.212871,6.299956,6.301408,6.451572,6922.490982,7089.089034,7087.455757,7188.455867,6.683821,6.859288,6.905559,7.452753,5992.543828,6511.018198,6467.391257,6681.948693,8.878348,0,320,0,0,0.000000,0.000000,0.000000,0.000000,0.000000,0.000000
online,add,any,0,0,2816,2816,2816,1,2,8,16,1,1.000000,6.220589,6.361238,6.349307,6.595555,6771.370869,7020.795165,7033.987960,7179.537017,7.150128,7.555380,7.699009,9.059267,4929.863420,5911.145302,5800.869712,6246.174753,18.772164,40,280,0,0,1.000000,1.000000,0.000000,0.000000,0.000000,0.000000
baseline,none,any,1,0,3072,3072,3072,1,2,8,16,1,63.298336,6.856103,6.918207,6.931629,7.037506,8239.006616,8381.081759,8364.852641,8456.999333,6.856103,6.918207,6.931629,7.037506,8239.006616,8381.081759,8364.852641,8456.999333,0.000000,0,320,0,0,0.000000,0.000000,0.000000,0.000000,0.000000,0.000000
online,none,any,0,0,3072,3072,3072,1,2,8,16,1,1.000000,6.910398,6.980479,7.010870,7.374254,7862.769372,8306.315153,8270.309196,8390.552685,9.167027,9.522398,9.561654,10.103277,5738.935842,6089.018596,6064.019856,6325.066840,36.414679,0,320,0,0,0.000000,0.000000,0.000000,0.000000,0.000000,0.000000
online,add,any,0,0,3072,3072,3072,1,2,8,16,1,1.000000,6.978357,7.072770,7.068280,7.169036,8087.845911,8197.927898,8203.135312,8308.840963,9.975043,10.301463,10.536331,12.257422,4730.363244,5628.526598,5503.059855,5812.712637,45.649625,40,280,0,0,1.000000,1.000000,0.000000,0.000000,0.000000,0.000000
baseline,none,any,1,0,3328,3328,3328,1,2,8,16,1,81.506514,12.374576,12.430426,12.455350,12.743884,5784.664009,5930.535856,5918.668238,5957.302061,12.374576,12.430426,12.455350,12.743884,5784.664009,5930.535856,5918.668238,5957.302061,0.000000,0,320,0,0,0.000000,0.000000,0.000000,0.000000,0.000000,0.000000
online,none,any,0,0,3328,3328,3328,1,2,8,16,1,1.000000,12.425001,12.493703,12.539114,12.980933,5679.028395,5900.499404,5879.130675,5933.125245,13.097655,13.439946,13.441869,14.049638,5247.045305,5485.073162,5484.288506,5628.418759,7.573759,0,320,0,0,0.000000,0.000000,0.000000,0.000000,0.000000,0.000000
online,add,any,0,0,3328,3328,3328,1,2,8,16,1,1.000000,12.407936,12.500298,12.593830,13.059546,5644.843022,5897.386375,5853.587808,5941.285247,13.355130,13.861357,13.955875,14.660031,5028.576481,5318.316750,5282.297693,5519.907863,10.888212,40,280,0,0,1.000000,1.000000,0.000000,0.000000,0.000000,0.000000
baseline,none,any,1,0,3584,3584,3584,1,2,8,16,1,99.665013,13.435965,13.708303,13.732058,14.232926,6469.039564,6716.612655,6704.993532,6852.753889,13.435965,13.708303,13.732058,14.232926,6469.039564,6716.612655,6704.993532,6852.753889,0.000000,0,320,0,0,0.000000,0.000000,0.000000,0.000000,0.000000,0.000000
online,none,any,0,0,3584,3584,3584,1,2,8,16,1,1.000000,13.467812,14.103401,14.112833,15.099078,6097.945941,6528.450932,6524.087602,6836.549352,14.399421,14.999112,14.947457,15.529844,5928.801436,6138.587498,6159.800911,6394.240533,6.351028,0,320,0,0,0.000000,0.000000,0.000000,0.000000,0.000000,0.000000
online,add,any,0,0,3584,3584,3584,1,2,8,16,1,1.000000,13.423488,14.282228,14.102083,14.761437,6237.425354,6446.708553,6529.061206,6859.123456,14.676563,15.541615,15.446692,16.290948,5651.811141,5924.311045,5960.716963,6273.496145,8.817861,40,280,0,0,1.000000,1.000000,0.000000,0.000000,0.000000,0.000000
baseline,none,any,1,0,3840,3840,3840,1,2,8,16,1,122.673729,16.192487,16.526685,16.544598,16.778160,6749.620221,6852.324468,6844.905264,6993.750126,16.192487,16.526685,16.544598,16.778160,6749.620221,6852.324468,6844.905264,6993.750126,0.000000,0,320,0,0,0.000000,0.000000,0.000000,0.000000,0.000000,0.000000
online,none,any,0,0,3840,3840,3840,1,2,8,16,1,1.000000,15.891004,16.313036,16.255169,16.576349,6831.794384,6942.068172,6966.781486,7126.435057,16.606028,16.922099,16.985187,17.439646,6493.607038,6692.208100,6667.351185,6819.584310,3.733597,0,320,0,0,0.000000,0.000000,0.000000,0.000000,0.000000,0.000000
online,add,any,0,0,3840,3840,3840,1,2,8,16,1,1.000000,15.760232,16.513885,16.451536,16.702118,6780.350133,6857.635741,6883.625150,7185.567319,16.887106,17.375160,17.476246,18.215454,6217.040102,6517.707348,6480.007607,6706.075511,5.215460,40,280,0,0,1.000000,1.000000,0.000000,0.000000,0.000000,0.000000
baseline,none,any,1,0,4096,4096,4096,1,2,8,16,1,149.498528,17.435101,17.785681,17.728141,17.875616,7688.627540,7727.505822,7752.587041,7882.888288,17.435101,17.785681,17.728141,17.875616,7688.627540,7727.505822,7752.587041,7882.888288,0.000000,0,320,0,0,0.000000,0.000000,0.000000,0.000000,0.000000,0.000000
online,none,any,0,0,4096,4096,4096,1,2,8,16,1,1.000000,17.167455,17.482105,17.490055,17.864733,7693.311368,7861.693627,7858.120007,8005.784985,18.202272,18.403141,18.427102,18.683815,7356.043371,7468.233465,7458.522525,7550.648264,5.268450,0,320,0,0,0.000000,0.000000,0.000000,0.000000,0.000000,0.000000
online,add,any,0,0,4096,4096,4096,1,2,8,16,1,1.000000,17.319278,17.573655,17.567291,17.795534,7723.227270,7820.738115,7823.571266,7935.605253,18.161769,18.519717,18.718218,19.485897,7053.252589,7421.223201,7342.523311,7567.487147,5.383411,40,280,0,0,1.000000,1.000000,0.000000,0.000000,0.000000,0.000000
baseline,none,any,1,0,4352,4352,4352,1,2,8,16,1,180.008292,25.942855,26.582977,26.655333,27.266198,6046.054694,6201.447054,6184.613146,6354.463470,25.942855,26.582977,26.655333,27.266198,6046.054694,6201.447054,6184.613146,6354.463470,0.000000,0,320,0,0,0.000000,0.000000,0.000000,0.000000,0.000000,0.000000
online,none,any,0,0,4352,4352,4352,1,2,8,16,1,1.000000,25.796705,26.964105,26.961009,27.857490,5917.723543,6113.791814,6114.493921,6390.464380,27.429791,27.989696,27.997781,28.445130,5795.470944,5889.771879,5888.071115,6009.995644,3.803542,0,320,0,0,0.000000,0.000000,0.000000,0.000000,0.000000,0.000000
online,add,any,0,0,4352,4352,4352,1,2,8,16,1,1.000000,25.964794,27.173843,27.098849,27.857815,5917.654504,6066.603256,6083.392219,6349.094255,27.997153,28.678327,28.741258,29.634212,5562.925865,5748.345237,5735.758892,5888.203148,5.536515,40,280,0,0,1.000000,1.000000,0.000000,0.000000,0.000000,0.000000
baseline,none,any,1,0,4608,4608,4608,1,2,8,16,1,210.814302,28.275603,28.944244,28.973114,29.973010,6528.855374,6760.910647,6754.173751,6920.787770,28.275603,28.944244,28.973114,29.973010,6528.855374,6760.910647,6754.173751,6920.787770,0.000000,0,320,0,0,0.000000,0.000000,0.000000,0.000000,0.000000,0.000000
online,none,any,0,0,4608,4608,4608,1,2,8,16,1,1.000000,28.671306,29.569905,29.480568,29.995509,6523.958217,6617.858509,6637.913130,6825.271490,29.604283,30.548683,30.535701,31.215253,6269.032880,6405.822713,6408.546148,6610.173515,3.310048,0,320,0,0,0.000000,0.000000,0.000000,0.000000,0.000000,0.000000
online,add,any,0,0,4608,4608,4608,1,2,8,16,1,1.000000,29.106401,29.595088,29.585591,30.038985,6514.515967,6612.227253,6614.349772,6723.244396,30.132802,31.116565,31.064383,31.910304,6132.484586,6288.915484,6299.479654,6494.233342,5.140978,40,280,0,0,1.000000,1.000000,0.000000,0.000000,0.000000,0.000000
baseline,none,any,1,0,4864,4864,4864,1,2,8,16,1,248.049591,31.715874,31.970235,31.918993,32.338621,7116.872704,7198.878866,7210.435811,7256.613804,31.715874,31.970235,31.918993,32.338621,7116.872704,7198.878866,7210.435811,7256.613804,0.000000,0,320,0,0,0.000000,0.000000,0.000000,0.000000,0.000000,0.000000
online,none,any,0,0,4864,4864,4864,1,2,8,16,1,1.000000,31.234951,31.869247,31.835475,32.446585,7093.191752,7221.690838,7229.351898,7368.343529,32.523023,33.079781,33.068001,33.801756,6808.813397,6957.417556,6959.896142,7076.520811,3.798439,0,320,0,0,0.000000,0.000000,0.000000,0.000000,0.000000,0.000000
online,add,any,0,0,4864,4864,4864,1,2,8,16,1,1.000000,31.549721,32.076656,32.015596,32.461535,7089.925017,7174.995083,7188.679224,7294.829932,32.946534,33.383263,33.688348,34.734033,6626.061796,6894.168766,6831.734474,6985.555722,4.073389,40,280,0,0,1.000000,1.000000,0.000000,0.000000,0.000000,0.000000
baseline,none,any,1,0,5120,5120,5120,1,2,8,16,1,287.499978,33.475491,34.642314,34.336837,35.205348,7624.848816,7748.773826,7817.710664,8018.865384,33.475491,34.642314,34.336837,35.205348,7624.848816,7748.773826,7817.710664,8018.865384,0.000000,0,320,0,0,0.000000,0.000000,0.000000,0.000000,0.000000,0.000000
online,none,any,0,0,5120,5120,5120,1,2,8,16,1,1.000000,33.360715,34.820277,34.730199,35.348914,7593.881272,7709.170608,7729.165602,8046.453920,34.726928,36.016237,35.925233,36.444330,7365.630154,7453.178854,7472.058977,7729.893528,3.434665,0,320,0,0,0.000000,0.000000,0.000000,0.000000,0.000000,0.000000
online,add,any,0,0,5120,5120,5120,1,2,8,16,1,1.000000,33.753967,34.699961,34.653876,35.202020,7625.569669,7735.900798,7746.188429,7952.708374,35.257294,36.595487,36.815402,38.074995,7050.177052,7335.206552,7291.390124,7613.614817,5.462617,40,280,0,0,1.000000,1.000000,0.000000,0.000000,0.000000,0.000000
baseline,none,any,1,0,5376,5376,5376,1,2,8,16,1,331.058089,36.158006,37.520623,37.416868,38.281847,8117.361598,8282.047842,8305.013624,8594.157398,36.158006,37.520623,37.416868,38.281847,8117.361598,8282.047842,8305.013624,8594.157398,0.000000,0,320,0,0,0.000000,0.000000,0.000000,0.000000,0.000000,0.000000
online,none,any,0,0,5376,5376,5376,1,2,8,16,1,1.000000,35.920696,37.461036,37.332613,38.098790,8156.363883,8295.221594,8323.756870,8650.934680,37.207011,38.860205,38.820085,39.507950,7865.444670,7996.550578,8004.814867,8351.855911,3.734998,0,320,0,0,0.000000,0.000000,0.000000,0.000000,0.000000,0.000000
online,add,any,0,0,5376,5376,5376,1,2,8,16,1,1.000000,36.008131,37.462982,37.327907,37.907347,8197.555866,8294.790702,8324.806261,8629.928467,37.896671,39.984958,39.803983,40.880816,7601.306069,7771.612384,7806.947248,8199.865227,6.731915,40,280,0,0,1.000000,1.000000,0.000000,0.000000,0.000000,0.000000
baseline,none,any,1,0,5632,5632,5632,1,2,8,16,1,377.796489,38.451211,40.436655,40.216968,41.438064,8622.207638,8835.735595,8884.001265,9291.972415,38.451211,40.436655,40.216968,41.438064,8622.207638,8835.735595,8884.001265,9291.972415,0.000000,0,320,0,0,0.000000,0.000000,0.000000,0.000000,0.000000,0.000000
online,none,any,0,0,5632,5632,5632,1,2,8,16,1,1.000000,38.525230,40.890354,40.602391,41.464716,8616.665599,8737.698674,8799.668778,9274.119634,39.797422,42.384678,42.139801,42.940348,8320.556506,8429.640351,8478.625484,8977.656692,3.654466,0,320,0,0,0.000000,0.000000,0.000000,0.000000,0.000000,0.000000
online,add,any,0,0,5632,5632,5632,1,2,8,16,1,1.000000,38.846584,40.599456,40.449773,41.082288,8696.876667,8800.304909,8832.870049,9197.400521,41.959475,43.556002,43.765384,46.503232,7683.070113,8202.947367,8163.702901,8515.063450,7.282231,40,280,0,0,1.000000,1.000000,0.000000,0.000000,0.000000,0.000000
baseline,none,any,1,0,5888,5888,5888,1,2,8,16,1,431.073588,42.019443,43.730389,43.567062,47.416492,8610.016408,9335.768180,9370.766675,9715.901616,42.019443,43.730389,43.567062,47.416492,8610.016408,9335.768180,9370.766675,9715.901616,0.000000,0,320,0,0,0.000000,0.000000,0.000000,0.000000,0.000000,0.000000
online,none,any,0,0,5888,5888,5888,1,2,8,16,1,1.000000,40.957221,43.786127,43.641975,44.755060,9122.024954,9323.884118,9354.681507,9967.882688,42.917217,45.618012,45.552258,46.272493,8822.882617,8949.464395,8962.382782,9512.657220,4.183711,0,320,0,0,0.000000,0.000000,0.000000,0.000000,0.000000,0.000000
online,add,any,0,0,5888,5888,5888,1,2,8,16,1,1.000000,40.833723,43.690821,43.446459,44.076887,9262.377675,9344.222992,9396.779003,9998.029671,46.745362,48.308860,48.482859,50.961283,8011.116481,8450.970984,8420.641518,8733.631673,10.569815,40,280,0,0,1.000000,1.000000,0.000000,0.000000,0.000000,0.000000
baseline,none,any,1,0,6144,6144,6144,1,2,8,16,1,491.574169,43.304730,46.537406,46.446313,47.927237,9678.347783,9967.389845,9986.938435,10711.450411,43.304730,46.537406,46.446313,47.927237,9678.347783,9967.389845,9986.938435,10711.450411,0.000000,0,320,0,0,0.000000,0.000000,0.000000,0.000000,0.000000,0.000000
online,none,any,0,0,6144,6144,6144,1,2,8,16,1,1.000000,43.517744,46.678679,46.712163,48.404182,9582.983304,9937.223544,9930.100325,10659.019180,47.863690,50.712555,50.481148,51.886699,8939.795302,9146.777715,9188.706783,9691.197398,8.641796,0,320,0,0,0.000000,0.000000,0.000000,0.000000,0.000000,0.000000
online,add,any,0,0,6144,6144,6144,1,2,8,16,1,1.000000,44.642341,46.456961,46.417922,47.320825,9802.374916,9984.649404,9993.046748,10390.505013,51.688410,52.767670,53.135507,55.986366,8285.168356,8790.542921,8729.689336,8974.090477,13.583990,40,280,0,0,1.000000,1.000000,0.000000,0.000000,0.000000,0.000000
baseline,none,any,1,0,6400,6400,6400,1,2,8,16,1,555.789457,67.888805,70.645315,70.168831,71.530385,7329.584484,7421.412163,7471.807532,7722.746040,67.888805,70.645315,70.168831,71.530385,7329.584484,7421.412163,7471.807532,7722.746040,0.000000,0,320,0,0,0.000000,0.000000,0.000000,0.000000,0.000000,0.000000
online,none,any,0,0,6400,6400,6400,1,2,8,16,1,1.000000,69.530833,71.507441,72.292780,77.100247,6800.081976,7331.936267,7252.287183,7540.367020,72.868947,73.722438,74.758006,80.696300,6497.051290,7111.647610,7013.135179,7194.944096,3.097576,0,320,0,0,0.000000,0.000000,0.000000,0.000000,0.000000,0.000000
online,add,any,0,0,6400,6400,6400,1,2,8,16,1,1.000000,71.737030,77.877979,77.159563,80.687672,6497.746025,6732.172647,6794.854415,7308.470953,73.967010,82.570198,80.630696,85.244680,6150.389678,6349.603279,6502.337530,7088.132939,6.025091,40,280,0,0,1.000000,1.000000,0.000000,0.000000,0.000000,0.000000
baseline,none,any,1,0,6656,6656,6656,1,2,8,16,1,620.511772,73.117581,75.828943,76.134760,78.640782,7499.323911,7777.408909,7746.168690,8065.812473,73.117581,75.828943,76.134760,78.640782,7499.323911,7777.408909,7746.168690,8065.812473,0.000000,0,320,0,0,0.000000,0.000000,0.000000,0.000000,0.000000,0.000000
online,none,any,0,0,6656,6656,6656,1,2,8,16,1,1.000000,74.171989,75.870583,77.023043,83.169612,7090.963666,7773.140439,7656.834506,7951.151166,77.297587,78.025491,79.540988,85.181246,6923.503993,7558.461847,7414.450231,7629.639161,2.840242,0,320,0,0,0.000000,0.000000,0.000000,0.000000,0.000000,0.000000
online,add,any,0,0,6656,6656,6656,1,2,8,16,1,1.000000,74.129730,77.428346,77.634954,83.740772,7042.599235,7616.754423,7596.484097,7955.683864,76.807148,81.396978,81.915533,86.935881,6783.766266,7245.388113,7199.522177,7678.356926,5.125554,40,280,0,0,1.000000,1.000000,0.000000,0.000000,0.000000,0.000000
baseline,none,any,1,0,6912,6912,6912,1,2,8,16,1,694.600149,76.936594,79.503753,79.374963,80.992564,8154.475577,8307.178720,8320.657512,8584.366044,76.936594,79.503753,79.374963,80.992564,8154.475577,8307.178720,8320.657512,8584.366044,0.000000,0,320,0,0,0.000000,0.000000,0.000000,0.000000,0.000000,0.000000
online,none,any,0,0,6912,6912,6912,1,2,8,16,1,1.000000,79.905011,81.257995,82.640266,90.386229,7306.996789,8127.838806,7991.889637,8265.462664,82.950795,84.169327,85.629047,92.563760,7135.102172,7846.705072,7712.942131,7961.971733,3.582825,0,320,0,0,0.000000,0.000000,0.000000,0.000000,0.000000,0.000000
online,add,any,0,0,6912,6912,6912,1,2,8,16,1,1.000000,77.919162,81.508802,82.738813,88.370531,7473.666590,8102.829006,7982.370845,8476.116376,83.134846,87.841736,87.972028,94.329500,7001.541247,7518.657020,7507.521438,7944.344843,7.769632,40,280,0,0,1.000000,1.000000,0.000000,0.000000,0.000000,0.000000
baseline,none,any,1,0,7168,7168,7168,1,2,8,16,1,773.449280,80.617505,85.133475,84.870748,86.538792,8511.638240,8652.141725,8678.925455,9136.810811,80.617505,85.133475,84.870748,86.538792,8511.638240,8652.141725,8678.925455,9136.810811,0.000000,0,320,0,0,0.000000,0.000000,0.000000,0.000000,0.000000,0.000000
online,none,any,0,0,7168,7168,7168,1,2,8,16,1,1.000000,86.110836,87.348387,88.532460,95.645998,7701.178373,8432.747490,8319.964113,8553.939614,88.256525,89.776724,91.170154,98.199800,7500.900117,8204.653260,8079.254692,8345.976587,2.780059,0,320,0,0,0.000000,0.000000,0.000000,0.000000,0.000000,0.000000
online,add,any,0,0,7168,7168,7168,1,2,8,16,1,1.000000,84.272711,88.005461,88.781730,94.343011,7807.540627,8369.786180,8296.604385,8740.514961,90.299389,95.233447,95.503197,108.937829,6761.534520,7734.539854,7712.693588,8157.163624,8.213111,40,280,0,0,1.000000,1.000000,0.000000,0.000000,0.000000,0.000000
baseline,none,any,1,0,7424,7424,7424,1,2,8,16,1,858.526361,87.060685,91.197155,91.143385,94.070382,8699.433601,8973.515041,8978.808967,9399.869092,87.060685,91.197155,91.143385,94.070382,8699.433601,8973.515041,8978.808967,9399.869092,0.000000,0,320,0,0,0.000000,0.000000,0.000000,0.000000,0.000000,0.000000
online,none,any,0,0,7424,7424,7424,1,2,8,16,1,1.000000,91.200164,93.708526,94.221791,100.819545,8117.067400,8733.026513,8685.454102,8973.218974,93.821659,96.199596,97.459031,103.854608,7879.852977,8506.886474,8396.954421,8722.495965,2.658317,0,320,0,0,0.000000,0.000000,0.000000,0.000000,0.000000,0.000000
online,add,any,0,0,7424,7424,7424,1,2,8,16,1,1.000000,91.531289,95.855753,96.010059,100.288502,8160.048517,8537.401423,8523.680251,8940.757319,97.252398,102.916441,102.180334,106.869575,7657.549326,7951.684241,8008.968137,8414.795510,7.365951,40,280,0,0,1.000000,1.000000,0.000000,0.000000,0.000000,0.000000
baseline,none,any,1,0,7680,7680,7680,1,2,8,16,1,949.979634,91.457242,97.144784,97.171071,100.394810,9024.068714,9325.973322,9323.450481,9905.936853,91.457242,97.144784,97.171071,100.394810,9024.068714,9325.973322,9323.450481,9905.936853,0.000000,0,320,0,0,0.000000,0.000000,0.000000,0.000000,0.000000,0.000000
online,none,any,0,0,7680,7680,7680,1,2,8,16,1,1.000000,96.031677,98.283104,99.547537,104.596310,8661.583415,9217.959417,9100.874740,9434.071051,101.638572,103.223387,105.025393,111.276785,8141.587340,8776.786834,8626.196375,8913.640227,5.026584,0,320,0,0,0.000000,0.000000,0.000000,0.000000,0.000000,0.000000
online,add,any,0,0,7680,7680,7680,1,2,8,16,1,1.000000,95.219038,103.561161,100.886735,105.967572,8549.499124,8748.160558,8980.067201,9514.585350,102.742138,111.683903,109.191731,114.882967,7886.022512,8111.909055,8297.053799,8817.897716,7.843425,40,280,0,0,1.000000,1.000000,0.000000,0.000000,0.000000,0.000000
baseline,none,any,1,0,7936,7936,7936,1,2,8,16,1,1048.368902,102.103280,108.573036,108.514405,112.289043,8902.205033,9206.890776,9211.865329,9790.283757,102.103280,108.573036,108.514405,112.289043,8902.205033,9206.890776,9211.865329,9790.283757,0.000000,0,320,0,0,0.000000,0.000000,0.000000,0.000000,0.000000,0.000000
online,none,any,0,0,7936,7936,7936,1,2,8,16,1,1.000000,109.954720,112.464601,115.139196,122.052173,8190.104765,8888.308631,8681.840047,9091.197574,112.443373,116.599332,118.867469,126.048234,7930.456873,8573.120159,8409.534490,8889.986640,3.676473,0,320,0,0,0.000000,0.000000,0.000000,0.000000,0.000000,0.000000
online,add,any,0,0,7936,7936,7936,1,2,8,16,1,1.000000,107.333684,114.530920,115.391364,121.973367,8195.396325,8727.949480,8662.867419,9313.200167,113.468497,123.563015,121.655404,128.921052,7753.738185,8089.961901,8216.816112,8809.670615,7.886163,40,280,0,0,1.000000,1.000000,0.000000,0.000000,0.000000,0.000000
baseline,none,any,1,0,8192,8192,8192,1,2,8,16,1,1147.988121,110.629576,115.520701,115.406558,117.920649,9324.165336,9517.875309,9527.288984,9938.677048,110.629576,115.520701,115.406558,117.920649,9324.165336,9517.875309,9527.288984,9938.677048,0.000000,0,320,0,0,0.000000,0.000000,0.000000,0.000000,0.000000,0.000000
online,none,any,0,0,8192,8192,8192,1,2,8,16,1,1.000000,115.622889,116.892834,120.056269,127.199439,8643.997461,9406.150832,9158.302509,9509.463371,118.888858,120.520065,124.066366,131.363982,8369.962687,9123.058702,8862.286089,9248.231048,3.103040,0,320,0,0,0.000000,0.000000,0.000000,0.000000,0.000000,0.000000
online,add,any,0,0,8192,8192,8192,1,2,8,16,1,1.000000,114.993588,124.232418,121.305042,126.980842,8658.878067,8850.440533,9064.022489,9561.503793,121.727662,131.558935,128.303851,134.210450,8192.444238,8357.559506,8569.591774,9032.553568,5.897428,40,280,0,0,1.000000,1.000000,0.000000,0.000000,0.000000,0.000000
baseline,none,any,1,0,8448,8448,8448,1,2,8,16,1,1251.487249,144.419394,147.173400,148.917162,159.713099,7550.073415,8193.366619,8097.425477,8349.610045,144.419394,147.173400,148.917162,159.713099,7550.073415,8193.366619,8097.425477,8349.610045,0.000000,0,320,0,0,0.000000,0.000000,0.000000,0.000000,0.000000,0.000000
online,none,any,0,0,8448,8448,8448,1,2,8,16,1,1.000000,146.794086,159.475457,155.308845,162.619058,7415.155626,7561.324140,7764.178655,8214.538171,151.684551,164.148154,160.136295,165.948142,7266.400264,7346.080924,7530.120659,7949.693063,2.930041,0,320,0,0,0.000000,0.000000,0.000000,0.000000,0.000000,0.000000
online,add,any,0,0,8448,8448,8448,1,2,8,16,1,1.000000,144.444257,159.727574,156.143979,161.122010,7484.052755,7549.389204,7722.652054,8348.172837,150.543028,167.739000,165.409169,180.471973,6681.622652,7188.820863,7290.077290,8009.973220,5.015681,40,280,0,0,1.000000,1.000000,0.000000,0.000000,0.000000,0.000000
baseline,none,any,1,0,8704,8704,8704,1,2,8,16,1,1374.991321,156.091523,160.835348,163.973950,173.213202,7613.873424,8199.835495,8042.883625,8449.039192,156.091523,160.835348,163.973950,173.213202,7613.873424,8199.835495,8042.883625,8449.039192,0.000000,0,320,0,0,0.000000,0.000000,0.000000,0.000000,0.000000,0.000000
online,none,any,0,0,8704,8704,8704,1,2,8,16,1,1.000000,159.871909,174.339875,170.094228,177.241879,7440.811409,7564.668699,7753.487073,8249.250313,162.598603,178.519198,174.649166,181.413430,7269.712035,7387.571814,7551.272239,8110.914676,2.397227,0,320,0,0,0.000000,0.000000,0.000000,0.000000,0.000000,0.000000
online,add,any,0,0,8704,8704,8704,1,2,8,16,1,1.000000,158.375448,176.301288,171.487090,177.701754,7421.555306,7480.509135,7690.511237,8327.195989,168.606796,183.146612,180.690309,192.294693,6858.345255,7200.916145,7298.805365,7821.887531,3.882742,40,280,0,0,1.000000,1.000000,0.000000,0.000000,0.000000,0.000000
baseline,none,any,1,0,8960,8960,8960,1,2,8,16,1,1501.150956,168.132955,170.518906,174.724812,185.129921,7771.008945,8436.872519,8233.783469,8556.598984,168.132955,170.518906,174.724812,185.129921,7771.008945,8436.872519,8233.783469,8556.598984,0.000000,0,320,0,0,0.000000,0.000000,0.000000,0.000000,0.000000,0.000000
online,none,any,0,0,8960,8960,8960,1,2,8,16,1,1.000000,169.305429,184.633223,178.622497,185.648975,7749.282063,7791.914416,8054.115772,8497.342823,174.284794,189.426394,183.989076,192.162462,7486.614488,7594.750877,7819.193957,8254.571377,2.596050,0,320,0,0,0.000000,0.000000,0.000000,0.000000,0.000000,0.000000
online,add,any,0,0,8960,8960,8960,1,2,8,16,1,1.000000,169.855207,185.152556,180.790445,186.322118,7721.285521,7770.058935,7957.534899,8469.839091,177.380700,193.821306,191.382074,208.839883,6888.752528,7422.539357,7517.142253,8110.500590,4.681950,40,280,0,0,1.000000,1.000000,0.000000,0.000000,0.000000,0.000000
baseline,none,any,1,0,9216,9216,9216,1,2,8,16,1,1621.183828,175.710989,179.010419,182.141075,192.025290,8152.653119,8745.388051,8595.071596,8909.605417,175.710989,179.010419,182.141075,192.025290,8152.653119,8745.388051,8595.071596,8909.605417,0.000000,0,320,0,0,0.000000,0.000000,0.000000,0.000000,0.000000,0.000000
online,none,any,0,0,9216,9216,9216,1,2,8,16,1,1.000000,177.204058,189.923315,185.643236,195.059203,8025.848334,8242.882552,8432.925485,8834.535716,181.744156,195.263150,191.729390,200.710819,7799.856466,8017.465556,8165.235280,8613.842744,2.811574,0,320,0,0,0.000000,0.000000,0.000000,0.000000,0.000000,0.000000
online,add,any,0,0,9216,9216,9216,1,2,8,16,1,1.000000,176.291220,191.201891,187.066652,194.244347,8059.516807,8187.762010,8368.758210,8880.281045,185.131815,200.946177,199.471205,218.798658,7155.051104,7790.720892,7848.328672,8456.221203,5.096333,40,280,0,0,1.000000,1.000000,0.000000,0.000000,0.000000,0.000000
baseline,none,any,1,0,9472,9472,9472,1,2,8,16,1,1760.027840,187.555350,189.588220,192.724238,201.998827,8414.071851,8964.864189,8818.987472,9062.032323,187.555350,189.588220,192.724238,201.998827,8414.071851,8964.864189,8818.987472,9062.032323,0.000000,0,320,0,0,0.000000,0.000000,0.000000,0.000000,0.000000,0.000000
online,none,any,0,0,9472,9472,9472,1,2,8,16,1,1.000000,187.409490,200.634396,195.627432,205.735709,8261.242797,8471.292450,8688.109972,9069.085264,193.188200,206.181262,201.768447,212.526820,7997.261918,8243.390440,8423.679087,8797.807755,2.764664,0,320,0,0,0.000000,0.000000,0.000000,0.000000,0.000000,0.000000
online,add,any,0,0,9472,9472,9472,1,2,8,16,1,1.000000,186.062485,201.768564,197.355822,203.842826,8337.956638,8423.674186,8612.021818,9134.741182,200.481691,212.579819,210.484853,227.345156,7476.001134,7995.268093,8074.845394,8477.744953,5.358245,40,280,0,0,1.000000,1.000000,0.000000,0.000000,0.000000,0.000000
baseline,none,any,1,0,9728,9728,9728,1,2,8,16,1,1924.618544,198.305029,199.159779,200.732873,211.412890,8709.018607,9244.832475,9172.383004,9284.680283,198.305029,199.159779,200.732873,211.412890,8709.018607,9244.832475,9172.383004,9284.680283,0.000000,0,320,0,0,0.000000,0.000000,0.000000,0.000000,0.000000,0.000000
online,none,any,0,0,9728,9728,9728,1,2,8,16,1,1.000000,197.870975,201.576819,205.104510,213.792621,8612.078303,9133.980791,8976.881057,9305.047356,203.926319,209.419631,211.455953,220.461128,8351.580206,8791.911169,8707.245011,9028.745293,3.890731,0,320,0,0,0.000000,0.000000,0.000000,0.000000,0.000000,0.000000
online,add,any,0,0,9728,9728,9728,1,2,8,16,1,1.000000,197.961938,210.951006,205.946869,213.974092,8604.774417,8728.087283,8940.164044,9300.771710,208.802511,222.221555,217.729371,225.817621,8153.477061,8285.419444,8456.363913,8817.895838,5.342733,40,280,0,0,1.000000,1.000000,0.000000,0.000000,0.000000,0.000000
baseline,none,any,1,0,9984,9984,9984,1,2,8,16,1,2058.716872,212.963302,215.332497,215.340070,218.079165,9127.031240,9243.450847,9243.125768,9346.283294,212.963302,215.332497,215.340070,218.079165,9127.031240,9243.450847,9243.125768,9346.283294,0.000000,0,320,0,0,0.000000,0.000000,0.000000,0.000000,0.000000,0.000000
online,none,any,0,0,9984,9984,9984,1,2,8,16,1,1.000000,217.191210,219.355622,223.589941,233.932018,8508.520419,9073.919937,8902.079169,9164.345794,222.780555,226.045748,230.209969,241.464095,8243.111059,8805.365150,8646.086701,8934.421372,3.049899,0,320,0,0,0.000000,0.000000,0.000000,0.000000,0.000000,0.000000
online,add,any,0,0,9984,9984,9984,1,2,8,16,1,1.000000,212.654777,225.013118,222.924611,232.539566,8559.469625,8845.774724,8928.647848,9359.843122,224.408122,239.909298,236.221291,261.072642,7623.990536,8296.532766,8426.062443,8869.622606,6.620138,40,280,0,0,1.000000,1.000000,0.000000,0.000000,0.000000,0.000000
baseline,none,any,1,0,10240,10240,10240,1,2,8,16,1,2226.202294,224.404442,225.379883,225.343125,226.813584,9468.055705,9528.284510,9529.838767,9569.702047,224.404442,225.379883,225.343125,226.813584,9468.055705,9528.284510,9529.838767,9569.702047,0.000000,0,320,0,0,0.000000,0.000000,0.000000,0.000000,0.000000,0.000000
online,none,any,0,0,10240,10240,10240,1,2,8,16,1,1.000000,223.426284,226.872433,231.380774,242.743019,8846.737001,9465.599763,9281.167184,9611.598105,230.429273,234.118302,238.545743,249.379310,8611.314419,9172.643188,9002.397699,9319.491487,3.193808,0,320,0,0,0.000000,0.000000,0.000000,0.000000,0.000000,0.000000
online,add,any,0,0,10240,10240,10240,1,2,8,16,1,1.000000,223.247275,239.744029,233.831353,241.719389,8884.201044,8957.402013,9183.899497,9619.305087,235.619467,251.606306,248.138910,265.468704,8089.404196,8535.094697,8654.360759,9114.202979,4.947893,40,280,0,0,1.000000,1.000000,0.000000,0.000000,0.000000,0.000000
online,swifi,any,0,0,512,512,512,1,2,1,2,1,0.000319,0.063014,0.064378,0.066983,0.293335,915.115673,4169.676846,4007.528142,4259.933602,0.235472,0.513798,0.473527,1.180754,227.342407,522.453291,566.885037,1139.988856,698.095623,136,0,0,64,0.680000,1.000000,97.058824,0.000000,0.000000,0.000000
online,swifi,sign,0,0,512,512,512,1,2,1,2,1,0.000319,0.068355,0.069596,0.070167,0.123788,2168.509516,3857.052934,3825.680551,3927.078575,0.508072,0.545825,0.545068,0.576717,465.454384,491.797657,492.480728,528.341369,684.276395,200,0,0,0,1.000000,1.000000,100.000000,0.000000,0.000000,0.000000
online,swifi,exponent,0,0,512,512,512,1,2,1,2,1,0.000319,0.068223,0.069536,0.070097,0.118196,2271.104403,3860.381040,3829.502591,3934.676810,0.420809,0.546295,0.544582,0.565227,474.916195,491.374543,492.919752,637.903315,685.629027,199,0,0,1,0.995000,1.000000,89.949749,0.000000,0.000000,0.000000
online,swifi,sig_high,0,0,512,512,512,1,2,1,2,1,0.000319,0.068201,0.069277,0.070420,0.112998,2375.577054,3874.813517,3811.902300,3935.946042,0.373398,0.547084,0.544120,0.732183,366.623448,490.665887,493.338523,718.899019,689.705097,197,0,0,3,0.985000,1.000000,100.000000,0.000000,0.000000,0.000000
online,swifi,sig_low,0,0,512,512,512,1,2,1,2,1,0.000319,0.067641,0.069185,0.071204,0.134635,1993.801434,3879.966120,3769.932691,3968.531748,0.253359,0.377937,0.403624,0.710920,377.588837,710.265087,665.063909,1059.506297,446.270145,39,0,0,161,0.195000,1.000000,100.000000,0.000000,0.000000,0.000000
online,swifi,any,0,0,1024,1024,1024,1,2,8,16,1,0.000802,0.387463,0.402888,0.405467,0.586073,3664.191403,5330.224896,5296.316158,5542.422497,1.674168,1.940599,1.880459,2.072155,1036.352806,1106.608654,1141.999846,1282.716936,381.672078,126,1400,0,74,0.630000,1.000000,96.031746,0.000000,0.000000,0.000000
online,swifi,sign,0,0,1024,1024,1024,1,2,8,16,1,0.000802,0.391963,0.404999,0.405005,0.461324,4655.044281,5302.441853,5302.360943,5478.791743,1.667766,1.956318,1.962914,2.308818,930.122534,1097.717062,1094.028287,1287.640861,383.042674,200,1400,0,0,1.000000,1.000000,100.000000,0.000000,0.000000,0.000000
online,swifi,exponent,0,0,1024,1024,1024,1,2,8,16,1,0.000802,0.392057,0.403917,0.404279,0.458168,4687.109637,5316.645865,5311.880366,5477.478142,1.722116,1.963746,1.967174,2.249414,954.685820,1093.564874,1091.659088,1247.002901,386.175625,198,1400,0,2,0.990000,1.000000,92.424242,0.000000,0.000000,0.000000
online,swifi,sig_high,0,0,1024,1024,1024,1,2,8,16,1,0.000802,0.385753,0.402264,0.402983,0.506099,4243.208637,5338.493248,5328.973760,5566.991438,1.698706,1.958855,1.969445,2.317381,926.685620,1096.295360,1090.400178,1264.187945,386.957570,196,1400,0,4,0.980000,1.000000,100.000000,0.000000,0.000000,0.000000
online,swifi,sig_low,0,0,1024,1024,1024,1,2,8,16,1,0.000802,0.392594,0.404257,0.405463,0.469072,4578.153563,5312.174305,5296.379902,5469.985909,1.527409,1.719354,1.749242,2.065353,1039.765913,1249.006108,1227.665176,1405.965035,325.312116,21,1400,0,179,0.105000,1.000000,100.000000,0.000000,0.000000,0.000000
online,swifi,any,0,0,2048,2048,2048,1,2,8,16,1,0.002312,2.423244,2.444047,2.448646,2.544803,6750.962328,7029.271198,7016.068898,7089.615897,3.797949,4.712046,4.691667,5.546253,3097.563199,3645.946832,3661.783939,4523.459684,92.796865,116,1400,0,84,0.580000,1.000000,96.551724,0.000000,0.000000,0.000000
online,swifi,sign,0,0,2048,2048,2048,1,2,8,16,1,0.002312,2.418826,2.441875,2.446827,2.589784,6633.707361,7035.523597,7021.284468,7102.565122,4.514143,4.964021,4.928506,5.551458,3094.658950,3460.877620,3485.816637,3805.787540,103.287269,200,1400,0,0,1.000000,1.000000,100.000000,0.000000,0.000000,0.000000
online,swifi,exponent,0,0,2048,2048,2048,1,2,8,16,1,0.002312,2.421000,2.446145,2.448320,2.578908,6661.683621,7023.242361,7017.002160,7096.187189,4.551368,4.947333,4.948139,6.038172,2845.210303,3472.551612,3471.986243,3774.660538,102.250194,199,1400,0,1,0.995000,1.000000,91.457286,0.000000,0.000000,0.000000
online,swifi,sig_high,0,0,2048,2048,2048,1,2,8,16,1,0.002312,2.423065,2.444038,2.448317,2.714309,6329.371189,7029.297083,7017.012076,7090.139631,4.488729,4.955443,4.942561,5.603947,3065.673031,3466.868489,3475.904513,3827.334906,102.756381,198,1400,0,2,0.990000,1.000000,99.494949,0.000000,0.000000,0.000000
online,swifi,sig_low,0,0,2048,2048,2048,1,2,8,16,1,0.002312,2.423806,2.441542,2.444901,2.524037,6806.504494,7036.483167,7026.816057,7087.972051,3.823819,4.299206,4.358129,5.547216,3097.025460,3996.056291,3942.028289,4492.856274,76.085687,13,1400,0,187,0.065000,1.000000,100.000000,0.000000,0.000000,0.000000
online,swifi,any,0,0,4096,4096,4096,1,2,8,16,1,0.021641,17.516974,17.801923,17.822495,19.052159,7213.825660,7720.455451,7711.543780,7846.044270,18.469688,19.955930,20.304749,23.431559,5865.548830,6887.123450,6768.808316,7441.325131,12.099856,99,1400,0,101,0.495000,1.000000,94.949495,0.000000,0.000000,0.000000
online,swifi,sign,0,0,4096,4096,4096,1,2,8,16,1,0.021641,17.273357,17.812302,17.808833,18.823337,7301.519038,7715.956841,7717.459723,7956.701959,18.555461,20.350592,20.559263,23.403667,5872.539268,6753.560460,6685.013748,7406.927452,14.250208,200,1400,0,0,1.000000,1.000000,100.000000,0.000000,0.000000,0.000000
online,swifi,exponent,0,0,4096,4096,4096,1,2,8,16,1,0.021641,17.425517,17.833669,17.849074,18.705790,7347.401712,7706.712145,7700.060536,7887.223861,18.453856,20.392928,20.552501,23.512859,5845.267624,6739.539975,6687.213231,7447.709220,14.350715,199,1400,0,1,0.995000,1.000000,90.452261,0.000000,0.000000,0.000000
online,swifi,sig_high,0,0,4096,4096,4096,1,2,8,16,1,0.021641,17.201530,17.799229,17.788450,18.763921,7324.639316,7721.623980,7726.302724,7989.926098,18.336144,20.342735,20.500991,23.579551,5828.734969,6756.168896,6704.015046,7495.521058,14.289979,155,1400,0,45,0.775000,1.000000,100.000000,0.000000,0.000000,0.000000
online,swifi,sig_low,0,0,4096,4096,4096,1,2,8,16,1,0.021641,17.498523,17.842647,17.843205,18.833885,7297.429791,7702.834309,7702.593470,7854.317389,18.507950,19.078072,19.957558,22.783649,6032.350370,7204.027402,6886.561612,7425.941472,6.924001,0,1400,0,200,0.000000,0.000000,0.000000,0.000000,0.000000,0.000000
online,swifi,any,0,0,8192,8192,8192,1,2,8,16,1,0.059241,107.963861,109.651152,110.038120,123.002436,8938.941890,10027.360477,9992.097566,10184.071018,111.321441,115.975210,116.548966,123.907351,8873.659383,9480.574579,9433.902906,9876.907969,5.767434,95,1400,0,105,0.475000,1.000000,93.684211,0.000000,0.000000,0.000000
online,swifi,sign,0,0,8192,8192,8192,1,2,8,16,1,0.059241,107.589398,109.372327,109.700243,120.620278,9115.479138,10052.923422,10022.873185,10219.516497,113.714719,117.769204,118.212765,123.433241,8907.743318,9336.155722,9301.124372,9669.035262,7.677332,200,1400,0,0,1.000000,1.000000,100.000000,0.000000,0.000000,0.000000
online,swifi,exponent,0,0,8192,8192,8192,1,2,8,16,1,0.059241,107.123269,109.397138,109.774411,121.964929,9014.981903,10050.643443,10016.101362,10263.985015,112.265382,117.394816,117.804824,123.446925,8906.755902,9365.929989,9333.332804,9793.861725,7.310683,198,1400,0,2,0.990000,1.000000,90.909091,0.000000,0.000000,0.000000
online,swifi,sig_high,0,0,8192,8192,8192,1,2,8,16,1,0.059241,107.567694,109.341113,109.728710,117.381331,9367.005966,10055.793266,10020.272977,10221.578495,110.958592,116.687395,116.966863,123.971032,8869.101193,9422.711234,9400.197663,9909.206741,6.718682,145,1400,0,55,0.725000,1.000000,100.000000,0.000000,0.000000,0.000000
online,swifi,sig_low,0,0,8192,8192,8192,1,2,8,16,1,0.059241,107.346040,109.769216,109.800963,123.714975,8887.457867,10016.575392,10013.679278,10242.684572,110.715159,113.443380,114.583808,120.056723,9158.267861,9692.162097,9595.698070,9930.994434,3.347172,0,1400,0,200,0.000000,0.000000,0.000000,0.000000,0.000000,0.000000
online,swifi,any,0,0,10240,10240,10240,1,2,8,16,1,0.088163,206.510240,212.419680,212.808368,223.847219,9593.523912,10109.626603,10091.161689,10398.920886,211.412257,223.933373,223.810007,233.576885,9193.904816,9589.832990,9595.118976,10157.801059,5.420257,90,1400,0,110,0.450000,1.000000,94.444444,0.000000,0.000000,0.000000
online,swifi,sign,0,0,10240,10240,10240,1,2,8,16,1,0.088163,208.038882,212.337149,212.461364,224.189675,9578.869535,10113.556003,10107.643121,10322.511001,221.891977,226.904573,227.362194,239.996806,8947.967616,9464.259004,9445.209901,9678.059013,6.860516,200,1400,0,0,1.000000,1.000000,100.000000,0.000000,0.000000,0.000000
online,swifi,exponent,0,0,10240,10240,10240,1,2,8,16,1,0.088163,207.406231,212.147454,212.239589,223.659038,9601.595657,10122.599199,10118.204903,10353.997745,220.304140,227.089482,227.499607,242.393845,8859.480933,9456.552673,9439.504889,9747.813400,7.043228,198,1400,0,2,0.990000,1.000000,90.909091,0.000000,0.000000,0.000000
online,swifi,sig_high,0,0,10240,10240,10240,1,2,8,16,1,0.088163,207.383076,212.319079,212.459977,224.024069,9585.950552,10114.416745,10107.709127,10355.153802,212.608585,225.236330,225.519642,253.395496,8474.829592,9534.357304,9522.379646,10100.644092,6.083886,130,1400,0,70,0.650000,1.000000,100.000000,0.000000,0.000000,0.000000
online,swifi,sig_low,0,0,10240,10240,10240,1,2,8,16,1,0.088163,209.040296,212.353042,212.178616,221.171173,9709.600120,10112.799081,10121.112502,10273.060693,213.845215,218.957563,219.921178,225.941626,9504.594997,9807.761918,9764.787849,10042.233809,3.110161,0,1400,0,200,0.000000,0.000000,0.000000,0.000000,0.000000,0.000000
